Trial 0,
coherence,0.128
dot_positions,"{926: [(893.5666679437244, 541.1667743327075), (886.0128076750466, 467.59039255297245), (631.6016107364735, 529.4272003759719), (543.8977789685744, 435.73915665758574), (641.1109320401955, 569.589598780706), (750.579536841167, 410.83773665530197), (705.0051109624038, 464.4970344784788), (586.241650332063, 615.1319779061222), (798.7723681173748, 487.49652364453334), (857.6585224062828, 603.7739770690036), (613.9240420672478, 397.58629564937615), (533.2882027983653, 611.6944686545801), (747.3766762103029, 490.3642471056599), (842.1996454275567, 488.6614259896155), (754.2969738783298, 354.8620216888862), (807.7955216909168, 466.7505479101516), (615.7949694842923, 392.89990405058575), (652.0562952833955, 461.3933603175897), (629.3681993406668, 302.5764480984226), (668.1227136086483, 305.0114416366441), (907.4204565605353, 456.1714656974553), (782.280124255118, 321.06220091170087), (762.7969648845316, 439.17656614610183), (870.5224775638823, 475.2972841448176), (639.5742096469864, 280.9901800793), (578.9675870757108, 625.5043633741346), (887.2224542038011, 354.06681889382116), (881.6629084071906, 473.8707645993886), (852.2895509467567, 626.8002497404249), (761.7429668782937, 596.2193505712625), (611.6958283639533, 431.82266851609995), (871.622587582048, 383.29705404164133), (683.8584552672263, 600.947958166523), (530.8246465593336, 389.89004071157234), (717.2370165956517, 425.37946974522663)], 936: [(820.3676107731674, 372.416524024622), (888.70614100838, 467.59039255297245), (909.90573492962, 433.2123955646456), (872.055736180285, 472.5005438926819), (918.6665100670964, 461.51597923584035), (753.2728701745004, 410.83773665530197), (874.9228829713427, 440.4406529668963), (780.756818856999, 515.7068910499332), (747.6510768633088, 536.1080453084356), (561.6989151991752, 475.185888655485), (616.9491158109133, 321.39686246614167), (776.6268790192346, 259.226845251904), (595.6771982349612, 476.56164334373597), (803.4752272803676, 469.7548452464682), (573.2690445733488, 584.4285189964618), (782.2779081612869, 369.2448199045158), (696.3632443260384, 330.17494343028466), (658.8201323535056, 260.63785015278944), (668.4722238198241, 427.25351454700285), (572.8050317042884, 316.07972032427483), (790.5379477480615, 263.9209900942834), (694.5128982893013, 252.6388902382526), (656.7458692582337, 274.3054656230863), (854.2703416681321, 521.539816366636), (572.0872658054557, 419.05924904567365), (810.4510915304039, 272.74425244591225), (668.3221531583694, 358.9609270449171), (765.5064347929693, 600.4774428405779), (899.0068045865494, 415.60759888479765), (860.9653665152999, 590.4626834543864), (873.9944640747318, 562.92123524765), (735.1340191422419, 416.61217058164243), (524.3211562443608, 486.2048354015891), (840.3117790097979, 490.9336787566042), (617.7777566643282, 538.8190640363034)], 950: [(716.0844936384414, 553.8574523545736), (618.1516102616287, 541.969581871388), (656.062045372474, 386.99394499351774), (874.7490695136183, 472.5005438926819), (593.7323252740038, 603.8098641807151), (769.4043635349503, 522.1970967763598), (711.7635629390289, 560.9922499967672), (628.7486821961794, 273.15487849797455), (916.4299318812282, 481.8791759795645), (564.3922485325086, 475.185888655485), (577.393824399305, 545.0598495914263), (704.8407374791992, 325.9426994033466), (888.9167303685167, 437.86800219843764), (642.7261641274829, 591.1248779253065), (770.5627922538786, 306.839897551583), (643.7201735422886, 402.9910916961549), (727.8951709620031, 539.3955302862155), (661.513465686839, 260.63785015278944), (888.3375742698589, 396.1837341666702), (703.6896610072001, 557.7795923396785), (708.395187795268, 251.33865918681383), (881.7023364000618, 565.9885960030609), (564.7482146865325, 395.6699389425487), (595.3225611325714, 478.5947052345072), (569.3518643452205, 422.7585631639541), (850.4333833142109, 449.110236111584), (711.7053557572431, 643.9098747741587), (869.2969235285079, 581.5729023200554), (877.2943671278401, 433.1963820299059), (706.9395709752866, 251.4290424213792), (642.1080457830383, 633.1224821485957), (652.1580785972915, 399.4060825889623), (726.6713424987651, 440.33550006933774), (728.8794616912011, 261.1751707795239), (704.9014990877225, 282.51636679501485)], 964: [(751.7283042377221, 559.1921206700123), (876.4366662545888, 373.34117119721424), (588.2218334131967, 593.7409520001879), (794.659407331675, 353.18415665409464), (620.1797021644612, 378.1936005114817), (781.9914731070536, 261.185443712445), (750.2944933877626, 429.8626417380487), (631.4420155295128, 273.15487849797455), (771.4430502431625, 404.6350831807857), (791.1348925323459, 414.2694612356176), (587.2907006940683, 365.9828215867045), (734.1258722042514, 518.5818158524917), (891.6100637018501, 437.86800219843764), (555.9164456801726, 519.0264185022681), (773.256125587212, 306.839897551583), (892.1272497519739, 392.8778498833742), (581.6600527870548, 375.93234678383635), (660.1473145148908, 372.3517668504445), (891.0309076031923, 396.1837341666702), (567.9775273737974, 321.58595163839937), (778.0114949473768, 640.1766358115813), (918.9165971681043, 444.23915187996266), (796.928308785956, 359.3891431284082), (578.6746926142131, 482.9677708283278), (770.4125886010581, 591.2306855630941), (908.838622091277, 387.2228161935575), (839.67735439906, 291.00839379375464), (704.8836797865825, 251.57495908226343), (759.148151494803, 389.73347853317557), (680.7318938958924, 503.235885118375), (644.8013791163717, 633.1224821485957), (862.1848946628809, 508.5198700280185), (773.6790847947533, 436.51806758868173), (670.8110606658769, 529.1971928232455), (757.3007446365103, 295.4715518622451)], 978: [(586.2405363409962, 382.24129735256736), (728.1632879719581, 316.6694289024008), (768.116676356203, 423.59509459071955), (723.4337170394255, 251.02962635785912), (754.6933122157155, 377.4847003973993), (583.7036079412826, 335.4804776406477), (692.8156434984986, 640.145756479537), (634.1353488628462, 273.15487849797455), (767.897707473712, 297.3718030946334), (651.6585005339699, 279.9386042040876), (589.9840340274017, 365.9828215867045), (724.5621925984128, 648.9476976461276), (595.8428946071413, 380.99849776945996), (887.2870588453195, 516.6949906927244), (775.9494589205453, 306.839897551583), (894.8205830853072, 392.8778498833742), (584.3533861203882, 375.93234678383635), (662.8406478482242, 372.3517668504445), (778.4061449970826, 296.06077148450845), (859.0508124528144, 415.435025058351), (695.3881871914533, 639.0684047156673), (572.374658621603, 583.4457139922888), (768.7231553391326, 288.4892674653748), (677.8333632264871, 501.3040759972451), (844.4485212110145, 378.06125294353757), (668.3455732233049, 642.1791356895203), (816.6484929943608, 312.0128261577387), (707.5770131199159, 251.57495908226343), (523.6746220250615, 427.56066100844856), (729.181377422696, 470.5544305402625), (687.6190635041713, 336.691121585196), (539.1731658590309, 468.71859841868417), (730.1542344953341, 579.7639242968669), (851.6548219463886, 479.88227071785775), (759.9940779698437, 295.4715518622451)], 992: [(907.2281106140964, 382.57126283344996), (730.8566213052915, 316.6694289024008), (610.5695012345525, 448.5221435321358), (684.0516501252557, 300.1810660953805), (757.3866455490489, 377.4847003973993), (660.4943231355775, 266.3152876269012), (590.2206809215104, 576.4769695464933), (636.8286821961796, 273.15487849797455), (726.8214217422358, 280.703348273405), (878.4940444100187, 329.6644778689391), (590.2482333900423, 548.0159442427887), (586.986167224573, 437.896228694044), (739.1307440561868, 399.58924910197265), (889.9803921786529, 516.6949906927244), (743.7273391055039, 601.8782701414037), (757.544873144504, 506.74370608200843), (774.1633648757689, 381.04733295055183), (564.2394100498415, 538.0664634512989), (529.2158477342341, 506.5898157289196), (521.0276175472225, 446.6847291112796), (736.7117472847835, 364.10402297840307), (575.0679919549364, 583.4457139922888), (800.400949257104, 557.8686730433067), (699.9414866308801, 647.9865046951959), (847.1418545443479, 378.06125294353757), (588.800147712958, 499.4743486270761), (717.5180557226511, 379.6184019326718), (895.0302165710266, 544.6859191596063), (844.8478148960941, 594.981472513758), (740.9976757466873, 468.708115609749), (663.0331030894512, 325.6986717588505), (541.8664991923642, 468.71859841868417), (614.3300916630991, 392.38373726352376), (521.4576179533146, 463.4878660739204), (703.6243402630132, 297.10139380409686)], 1006: [(680.9172420420363, 386.9640068630731), (777.6781383185184, 632.2707620374133), (564.1764987041003, 573.7741347935292), (738.8556391803353, 594.1924899168471), (674.420377776095, 256.2901705180501), (863.7060322396177, 312.34253998440204), (562.8058385126719, 336.736466429188), (912.3820959913046, 500.8933113679243), (701.2204519788213, 416.96707581988454), (709.8836789923043, 251.25730189697722), (535.9391631397008, 525.6479235292438), (706.5172554220778, 537.3365913851508), (741.8240773895202, 399.58924910197265), (582.1938540986155, 346.5799747671517), (656.3822257069248, 482.42526128202815), (785.5878339750313, 557.5487407080137), (771.1897974411355, 443.44381616169784), (658.9414400641111, 552.0228059360048), (766.8439543916929, 256.5920272146234), (553.3100243898299, 341.30109461875475), (909.6714665241631, 389.78592534487234), (693.6585497958143, 340.0417277976685), (803.0942825904374, 557.8686730433067), (855.7979946570048, 304.5355553850491), (684.3252372612012, 499.25677205516337), (828.3135424990828, 302.6549485334001), (662.4560185685455, 599.775284667479), (729.9549143230811, 648.7508482518253), (714.0606322596092, 265.9874179577905), (535.4831221410049, 459.20659011249484), (781.7723048368571, 542.0869062474276), (544.5598325256976, 468.71859841868417), (617.0234249964325, 392.38373726352376), (855.6320221180941, 489.73125272744), (691.1160328740314, 368.412474471318)], 1020: [(621.4895901616752, 554.1775398532097), (563.0713530933904, 503.80446671671604), (566.8698320374336, 573.7741347935292), (521.0341891064172, 446.3113558779597), (814.6647346318772, 573.7015738203075), (894.957154374697, 464.8820966670822), (783.1250004629771, 261.27736140953004), (682.5693362512075, 552.924408587825), (918.8797491715163, 456.91703473135345), (712.5770123256377, 251.25730189697722), (535.6717784880664, 493.49303156558744), (709.2105887554112, 537.3365913851508), (574.0924828218821, 563.0484121761042), (831.440286703638, 348.83242835121933), (646.6262125640619, 441.24120996804504), (604.3461223405382, 611.8176714277348), (690.6191582790739, 517.6819626892934), (565.9447258513113, 427.76479822710525), (728.5532014917078, 251.1838971706712), (653.1050756080597, 561.5840236905434), (715.1457681423761, 550.9688963646861), (712.3459447211638, 639.85502799507), (804.1122606455444, 568.5108798602521), (605.221562483663, 408.80833671459743), (579.543309214201, 362.7909945686059), (831.0068758324162, 302.6549485334001), (524.9313606227761, 489.3602074628499), (732.8318091050562, 251.4141377763981), (778.8887302300518, 509.4792245991881), (616.223621085891, 298.6636192477262), (706.3545511637067, 300.4441160554033), (552.9474885382105, 501.86488521203756), (820.0790685670069, 568.1178049818661), (800.5736218707668, 348.25566208507666), (620.1277024832191, 539.8473945289744)], 1034: [(721.3098481471601, 501.30327725848895), (591.6630333076178, 499.6119102070612), (874.840613036796, 421.5810746053286), (637.6330285841964, 622.705298415731), (738.1409865353966, 510.8704544443271), (714.6211414822177, 452.8628515093709), (747.9498183016062, 432.85844704285216), (695.4252321552754, 647.4767854340805), (898.5663111522393, 362.16451445183634), (823.7836860201153, 569.3654693433737), (589.4585116546893, 299.80040006514287), (564.8935502292981, 424.60726187999916), (566.7665520719953, 555.827394270227), (785.3123682273524, 503.5038614575356), (595.0046608857571, 505.74264917392713), (586.3690943678899, 597.4577263487474), (700.6170487852634, 361.7868550891062), (863.6019719311216, 587.7660105305127), (824.8681224138725, 399.3340226046568), (918.6911592703055, 461.0825641357084), (881.3069999000653, 441.13917101404974), (543.2944826482783, 407.9900003949195), (776.5843188092073, 434.72775303966125), (882.8096070336609, 429.7804651764944), (727.7566640591929, 342.17858232306435), (855.7805114241687, 336.88224707524023), (840.685477739456, 299.97864140494625), (592.6351972715568, 602.9026063412417), (781.5820635633852, 509.4792245991881), (849.7912496723345, 436.4522953983118), (650.7025977799457, 300.6331945354417), (738.8113506759964, 390.26508505450823), (744.8561620473167, 541.5082532128953), (823.6250453229803, 573.04371147664), (667.3110120360591, 472.8815666781533)], 1048: [(866.1643612276916, 375.0391520019808), (594.3563666409511, 499.6119102070612), (579.7210595937462, 335.2503799373735), (614.0950149529154, 618.4788833717057), (640.1102542506021, 583.6785038711661), (552.9713991974396, 558.1778466874753), (582.4260409094404, 519.2637944406758), (581.5847700905185, 335.38294660319576), (756.2104418884835, 435.3373087721807), (668.653359055752, 534.5985007491619), (592.1518449880227, 299.80040006514287), (567.5868835626314, 424.60726187999916), (789.9504225336347, 543.7230292075868), (788.0057015606858, 503.5038614575356), (801.8265348934473, 288.6551659548928), (605.176451697912, 409.65728704668885), (844.6688048736157, 519.4752835079445), (703.0030697717909, 439.42877259852486), (837.5550832931208, 460.9820883788501), (877.6006766790184, 443.4972525205524), (529.228123398314, 393.36881514685484), (673.0712554045411, 524.1689829279024), (624.1273518434226, 569.8869602540623), (620.9784416139298, 555.4019208739389), (528.0063683580127, 502.3397115861452), (851.8124030512906, 599.0855137223068), (843.3788110727894, 299.97864140494625), (595.3285306048901, 602.9026063412417), (784.2753968967186, 509.4792245991881), (838.0507196247614, 532.5592018748196), (592.3141476864289, 414.00841361409033), (535.9930829706404, 514.4104515208502), (747.5494953806501, 541.5082532128953), (684.4284718495248, 368.9888884735808), (547.5746547223595, 549.350391573896)], 1062: [(798.6394536652471, 632.8027251635802), (894.1119068977305, 442.6058008359744), (630.4196306933064, 512.1890317222609), (821.1639642483085, 278.6324058126305), (633.3269020904082, 530.8660050977874), (555.664732530773, 558.1778466874753), (740.8650728135947, 315.8513328302623), (842.8254533989558, 606.5723730334983), (757.5777618391753, 328.7247237373907), (832.4602087689851, 564.2933915742016), (738.6789146729824, 501.4936596502593), (718.9212722559438, 390.89623151791534), (653.7314393469716, 486.40846045832234), (632.1958451047475, 500.44284977873735), (668.3941843092035, 257.8078050833293), (734.1117760529186, 473.44270139391296), (897.0568789538642, 540.8397578988227), (833.0770565511186, 439.5965349517378), (719.4673650159173, 516.2904619473651), (585.0864573641754, 520.9230513633752), (704.1650149000106, 281.0640078945284), (803.0775196572614, 328.46931775436633), (756.79577033282, 259.7200455557287), (695.3941341821486, 310.242929190957), (785.8397972933774, 464.5791821675447), (761.3376904977578, 256.8757429437836), (784.9461227872227, 375.77039442471084), (772.2990706888078, 622.4062194536881), (894.866391016286, 544.9881323794682), (735.8066867447426, 548.4318780561259), (793.6034437108176, 522.3924583967273), (730.9373865367827, 290.73528525162), (817.1819807403353, 456.6259834843065), (647.6197855385316, 264.6298175150279), (699.9647090425472, 543.3896309636756)], 1075: [(687.3256943650267, 439.09863140235564), (624.6186369541255, 624.6522132224814), (880.0202164497317, 342.0017410851782), (870.9072246898243, 320.45920449690027), (630.638118645511, 473.0902770329941), (784.325532246789, 501.5823541304024), (743.5584061469281, 315.8513328302623), (577.0700129631681, 311.536940646066), (760.2710951725087, 328.7247237373907), (835.1535421023185, 564.2933915742016), (641.360584022888, 267.1972586234584), (715.0525255375734, 251.06151077168693), (628.5956018764546, 626.7660487867295), (844.9333091596027, 295.104331040435), (619.5120457973723, 531.9239019204948), (544.9794678995228, 429.7010016316866), (687.1761542433695, 646.2742855030809), (903.2045099428994, 424.9462078717428), (714.487570548853, 323.3517371664219), (587.7797906975088, 520.9230513633752), (761.4726280174851, 513.1103942077607), (805.7708529905948, 328.46931775436633), (744.1171177597165, 389.72941156253546), (674.7254985911286, 532.5709560767333), (563.6952886832958, 369.57118550815295), (587.4486505775408, 492.6003666553981), (640.9875880207092, 540.8648785368546), (563.6816053072556, 407.30735536611917), (697.0178357770994, 252.33153987640915), (738.500020078076, 548.4318780561259), (916.3344212404957, 472.7751792045553), (826.5029818020167, 281.89849831938056), (609.458808161432, 430.87333822697076), (894.40789345417, 379.29296700951096), (672.3596046258092, 643.2133347587344)], 1089: [(770.9377692452017, 573.0986323330995), (532.7002483199641, 429.06770415009464), (692.0368857881488, 290.2278275130151), (730.7960439633431, 431.6552635575101), (633.3314519788444, 473.0902770329941), (784.255598366464, 544.6392981902148), (724.2125115386575, 612.7842957176725), (795.2613711094375, 455.46868525090474), (614.2160225808786, 318.0944964596856), (837.8468754356519, 564.2933915742016), (903.7065185649961, 474.3591971383894), (717.7458588709068, 251.06151077168693), (553.2849779913385, 444.07454931813993), (844.9626717890997, 502.7498542008732), (622.2053791307056, 531.9239019204948), (646.949984976803, 557.0004152669609), (818.4274108525884, 562.2545309929623), (818.4387098928172, 531.1257067165554), (774.5912839288792, 285.37879179566687), (786.3208786040718, 604.3799910459991), (851.5669336655737, 300.69781660726284), (719.3779022026199, 356.3223317198955), (707.8574145126513, 535.9731297342437), (767.2646973102549, 256.6944170796663), (714.1657715678264, 344.5036969547473), (650.9487519640587, 636.6358088488887), (701.7174924798521, 507.5741514595208), (662.0549114073983, 599.7398631539451), (699.7111691104328, 252.33153987640915), (774.9998158634485, 511.88286803278123), (541.6763318266023, 361.6729409004015), (772.8432175964962, 258.14433979147407), (567.8903149401517, 325.0820327894641), (750.1864396434714, 445.1162137615821), (666.0540519217925, 549.8174626690729)], 1102: [(521.3846250944252, 462.36660224629253), (535.3935816532975, 429.06770415009464), (746.0296382101294, 647.2902884955308), (591.5424657736584, 472.95748034859577), (678.7509729032342, 280.69999018650503), (786.9489316997974, 544.6392981902148), (861.6083282628304, 477.2924664000279), (631.846570153044, 581.6517283533642), (674.6363942816124, 256.2394692507613), (546.1254173112301, 453.5075029123256), (749.3511880224719, 407.4258847496509), (762.0043101807302, 626.8290438738534), (691.4924776565055, 608.2300322835437), (579.3446849422702, 309.22684081824843), (877.9698386338225, 546.4277539223458), (913.909655782834, 494.7218670695089), (789.6050820031141, 327.9302009109996), (835.2868148492803, 612.2034226578088), (692.6963963667544, 278.63084374844675), (789.0142119374052, 604.3799910459991), (638.4226518270566, 631.5107056486486), (578.8129138194208, 576.8257084034664), (710.5507478459847, 535.9731297342437), (766.314700563965, 299.4729776925304), (796.8226248714084, 353.96356949672975), (659.0230558595696, 533.1029685445213), (751.5630758459444, 405.5359418800885), (750.439761706111, 448.8493815963446), (587.7558595702421, 373.6739000488436), (626.1451012658753, 581.6227775341196), (544.3696651599357, 361.6729409004015), (637.5002474617866, 621.1694254171565), (918.9922985612063, 448.2492534941545), (569.2679696956145, 375.9767321550857), (852.722276300898, 551.8734738917766)], 1116: [(524.0779584277586, 462.36660224629253), (735.04318511969, 507.8067230589651), (732.2261084788566, 510.92057832132895), (572.9077607882274, 540.6777568877646), (841.6953012282584, 458.01312062160423), (864.7433610609157, 586.5663187934324), (821.4969628784274, 431.21016629268365), (616.9813232005706, 456.38673391726235), (701.4647130279449, 426.8086634746163), (548.8187506445635, 453.5075029123256), (752.0445213558053, 407.4258847496509), (820.6281383790554, 278.31721761817323), (694.1858109898388, 608.2300322835437), (582.0380182756036, 309.22684081824843), (597.3080936037641, 300.1775819434288), (848.104105126177, 546.5530076663933), (792.2984153364475, 327.9302009109996), (687.448975912383, 419.4290534711712), (730.2003581246065, 450.50655894417895), (745.4033869240111, 647.3719025920077), (766.3052177787151, 524.7114730369469), (545.5396705828115, 545.7318831928321), (679.4666760770875, 456.45367224686095), (585.5779011704218, 596.7368370459549), (904.4775806697643, 524.62588177188), (804.6591174403758, 379.8136688177484), (696.5214760145866, 628.5682437259013), (587.7850523115088, 301.27136251639513), (593.9530260883429, 446.2762006158165), (579.016629729605, 444.17792549112755), (698.8601292733523, 474.1070397813934), (863.0065990107544, 588.3839320129953), (614.2488593536987, 303.76004100373314), (571.9613030289479, 375.9767321550857), (855.4156096342314, 551.8734738917766)], 1129: [(917.2250375710603, 442.1266048065239), (647.0914859555712, 455.70122714225226), (543.4451994803051, 537.9190693536192), (910.7990483251363, 446.26069555065436), (812.5827663129301, 361.8333810095648), (592.4284878149266, 602.7301845700897), (671.0174867313792, 444.3933059111043), (529.4283296603563, 507.3012954823726), (652.9936069786974, 628.8257679881496), (840.2103545791784, 608.5889991517324), (671.7814979157478, 516.2310825036503), (726.4108199125891, 574.5827186598032), (868.3333004153135, 475.72733970861066), (550.4928343905681, 479.38658025912815), (879.3771583110323, 478.4247275853543), (861.5528106579669, 346.1512804625497), (536.3629871740166, 503.9074592482512), (811.1932208432628, 306.09258974208825), (732.8936914579399, 450.50655894417895), (577.3269871888638, 588.7278321584871), (813.8272446402998, 599.5201660458011), (567.7687642211209, 471.6457410706216), (666.1095130070773, 457.810696131859), (685.4418189792094, 592.5928784541143), (562.4691121296165, 557.4008858217002), (820.2061099187828, 572.7342456750499), (652.5103890837295, 585.5105157009348), (616.6973303520451, 556.1333350994516), (596.6463594216763, 446.2762006158165), (918.7443605939013, 460.08360709871886), (598.9527028656553, 318.3504417800831), (857.1894918606109, 448.7700498622891), (763.7188227257277, 599.0254399600772), (815.0883458547904, 275.18808254984515), (653.6620170551544, 376.0960476754053)], 1143: [(521.0582110114601, 454.81296104693104), (842.3683537086416, 349.01244404112146), (902.0808392176559, 530.2967495593324), (686.7564504911933, 514.7817692921965), (704.4666995710637, 344.94661734542694), (735.5378797196039, 251.60752460383202), (896.0682085436109, 535.8754203348931), (532.1216629936897, 507.3012954823726), (848.9943898776104, 583.7779403958712), (556.7868655890998, 336.1471442792521), (688.4779769704882, 255.1964324886904), (749.0541835677143, 646.8676063175798), (676.682418907459, 535.8369463462953), (751.8109064020717, 357.7798371114742), (621.4795976345073, 579.1207167365046), (623.342246463284, 436.8171701647074), (766.7364822486294, 635.6792958669918), (909.1753935134516, 403.4408267821082), (635.1325949036409, 369.42254333991576), (580.0203205221972, 588.7278321584871), (838.2806033998038, 490.576460251925), (632.5857341100433, 271.2271102238375), (668.8028463404107, 457.810696131859), (526.7054846836645, 497.309939216014), (587.4917629134944, 386.1454145534125), (907.3388238565093, 382.87947351175063), (790.3096280371583, 317.0949519570786), (671.7172507382434, 395.50999834785415), (686.5481863634233, 434.52725693468955), (649.9420051583298, 404.5213730718063), (601.6460361989887, 318.3504417800831), (658.5701271355098, 269.54658533310425), (559.6493996104031, 390.28955055864066), (719.7998761547462, 486.5499984259375), (766.0424264039755, 468.70898304854416)], 1157: [(893.0410574031148, 351.7259319412698), (845.061687041975, 349.01244404112146), (606.2890610571509, 289.84375830398506), (902.4595209326155, 370.5674926680492), (688.8812123143164, 514.7836097729098), (757.1872019378648, 405.3490891032278), (695.6854861711195, 612.4771661239743), (534.8149963270231, 507.3012954823726), (783.1328129223257, 613.5957214132013), (913.504485332645, 411.93047005163544), (885.0184103059908, 514.4595325342806), (572.7155176171983, 583.8218265053581), (550.9456445570718, 492.6806694266889), (755.1210837415919, 516.8993637656737), (858.9106281338226, 565.8805204534584), (523.3174099089724, 419.71867316175144), (866.7705948523211, 356.8013423958894), (788.474751350252, 369.6841038152889), (715.4965619094017, 300.93703813794036), (716.738512874373, 502.9051531044053), (882.4936429734112, 397.42980164433044), (633.1650258551905, 452.2385890695194), (765.1716346407103, 643.8053751160844), (779.8906483470874, 367.7762681165884), (590.1850962468278, 386.1454145534125), (882.2115139012171, 503.17614423172415), (746.1423209259673, 393.9919913552298), (608.3646509170335, 285.2621815273608), (652.8319208249778, 468.231473659032), (804.4195994511501, 296.397034477554), (604.339369532322, 318.3504417800831), (665.2023449932, 286.1160497161077), (562.3427329437365, 390.28955055864066), (700.1670678066906, 496.3115435747745), (853.2805162467066, 332.45875264445334)], 1171: [(596.1614482496192, 605.7723117256987), (614.1924337449422, 343.40485636568167), (718.9562936048478, 548.6787811782312), (670.342400925813, 572.4561372991511), (684.7582243631431, 638.6581106181725), (883.7717188200528, 336.95211583260146), (710.3381800725806, 356.92778215906606), (537.5083296603565, 507.3012954823726), (906.1480174840908, 379.6443635041043), (860.6743011242015, 374.13825566964425), (681.3769600820461, 472.8841938800092), (521.1218829645384, 456.9638038764171), (553.6389778904052, 492.6806694266889), (757.8144170749252, 516.8993637656737), (618.549953088958, 524.3868982247336), (874.4757537183294, 448.4128123271664), (757.0798424983608, 493.78576080504644), (813.5573874792033, 354.1420494866425), (718.1898952427351, 300.93703813794036), (590.136767749053, 338.3761682317438), (847.8117500720259, 583.307324115274), (872.3935502090105, 385.66187971183285), (637.0359984380727, 269.1188941740113), (561.6512047567514, 333.636341844947), (679.9028657235195, 369.57588647158036), (737.8115122083759, 648.2012866579096), (566.6201301642018, 383.8440123305532), (834.0233656544781, 534.7665160228935), (806.2870567606099, 309.5388546402688), (558.9493267243604, 566.8917475165086), (818.2603647027929, 349.1995271218536), (537.1756414909348, 528.58914642461), (799.0703931242465, 518.6874969381502), (521.2814604297325, 439.41973388519745), (855.97384958004, 332.45875264445334)], 1185: [(637.1881302734032, 523.7108814431049), (583.4534935630131, 465.1537423142603), (756.3009593351865, 430.30270603408604), (673.0357342591464, 572.4561372991511), (839.5749985703908, 390.32095969344294), (891.6934236938248, 349.39001908213703), (654.9797836932933, 526.7663063160911), (751.2960505737799, 284.3040509563376), (526.3007308027081, 495.6244793113858), (719.508164257014, 559.7241179476601), (766.4604667130488, 613.6691495012299), (523.8152162978718, 456.9638038764171), (740.462493405804, 322.4506674635068), (690.6999489171487, 431.89618126248416), (870.9875884566536, 362.9046141339622), (564.842100964994, 507.6794482823719), (700.3540623960589, 551.1597692952523), (816.2507208125367, 354.1420494866425), (888.5169078620639, 555.8444696930768), (780.779590899356, 477.2377548149591), (807.065104106905, 554.7284060658475), (875.0868835423439, 385.66187971183285), (744.3530327599759, 404.93975577052584), (522.7081570698123, 476.01785373950247), (813.7331107351267, 411.48933574969317), (654.2451563890709, 349.7664472149406), (681.4134770516654, 387.6395327502914), (606.6467303448389, 335.16468244319344), (741.5380936424765, 286.2534278459043), (684.085519403256, 260.6380348166448), (531.1363938337013, 512.701979760301), (686.8320939731374, 271.8666158100656), (741.264681520794, 554.4844000934334), (821.0140789204399, 384.25365826271127), (876.4758295818295, 536.9427569814427)], 1199: [(561.9085156612001, 556.6657102100501), (783.9189171229369, 261.54477445867644), (863.0104067161818, 577.6751943478139), (880.4460786869607, 560.4789951023436), (806.806648506919, 270.93128197533713), (651.7873000248154, 547.9914931509549), (538.3752138561264, 395.08838446930054), (897.1431857617946, 507.1557685294193), (894.6561757833017, 392.8764440710926), (805.0284339682249, 411.9600921692925), (664.1243945177275, 259.0054537113966), (672.206670110324, 563.909906669165), (623.8651055010895, 601.8857088015737), (693.3932822504821, 431.89618126248416), (593.8551318974065, 432.5731690810478), (585.5075565564083, 581.2418704060578), (622.2861338840149, 613.8507226777581), (530.2883788678182, 510.0874430093303), (653.4191412948553, 529.6494928130724), (783.4729242326894, 477.2377548149591), (870.899676284641, 320.26840131567576), (656.4682907727517, 582.6994105917806), (825.6016625145913, 344.0466405079743), (525.4014904031457, 476.01785373950247), (593.2261595306178, 507.1990352590085), (803.990546838297, 420.49269839408987), (867.9587303300516, 501.0905932798993), (665.5568545097627, 499.94921103581663), (676.6553924489936, 289.958758501171), (866.0131311319728, 585.2078604853923), (653.3525337893053, 262.4923594951547), (841.1448477612316, 398.6692643362133), (616.1484495675614, 521.2455400113056), (840.1599354887635, 540.3581776660799), (748.0802010251098, 297.42996623289713)], 1213: [(777.1319913714823, 317.87234287364424), (727.929417059815, 557.3470134289902), (547.1883614406441, 351.323064607627), (684.788695829761, 645.860062439056), (766.7047649409201, 561.5295449738481), (665.8092169076527, 258.5206041689128), (874.1614058910341, 324.16176680475894), (745.2362622851841, 481.5854456569882), (798.3443959564146, 614.1551634425803), (692.2911926186948, 290.9015320146468), (529.0012894561604, 394.13863078485656), (666.3652918967437, 539.472322884759), (567.2724791519017, 351.2273989498439), (746.4442154237379, 645.0227904587462), (744.909332383364, 310.2477367928905), (698.4080083866315, 647.8251397021324), (653.7034115523246, 388.04282089694595), (672.6896831238133, 530.4549159765631), (734.790674430627, 393.18300401872386), (579.5951712476401, 366.0555538868536), (798.1807164886727, 391.4062395899665), (548.069157079618, 389.9646292871288), (813.9115437148637, 381.71681208024074), (528.094823736479, 476.01785373950247), (797.7596168840506, 474.54059424993966), (913.742409986886, 433.1753649887901), (834.2330295878367, 332.2196094817307), (805.1073371564195, 270.1174239617868), (789.0109960630468, 624.6529833507107), (532.630195603923, 509.72522192623575), (562.9734894362913, 572.2443249406101), (899.557828648837, 535.7903617600188), (618.8417829008948, 521.2455400113056), (842.8532688220969, 540.3581776660799), (655.131012397379, 511.31651487029944)], 1228: [(746.3852708014822, 612.0010709777528), (892.2531379326715, 350.35133481903495), (596.8460559654609, 378.4744264167041), (747.8851685274493, 281.11828040128125), (617.7830819739082, 560.6477847351168), (580.9775753570773, 336.32057824849835), (562.248954583289, 506.6890976936294), (570.760263654475, 453.6677899700481), (668.9783147219276, 508.45163155520356), (744.289510946177, 548.1081142594264), (815.9452748901119, 497.8803495958635), (704.7823857682703, 255.08869163789055), (569.9658124852351, 351.2273989498439), (786.8036115495236, 637.4520671636895), (810.106999760635, 512.3920568269591), (726.9843058692346, 251.1226019088017), (810.2059404299954, 520.6988497609063), (532.6948810209586, 511.978716740502), (777.4296662520544, 494.1384584302872), (874.0601481912668, 482.8513314948943), (733.7190314180756, 523.1925627872604), (778.4061089908151, 640.2359756527483), (778.0298210960214, 399.3006892566063), (763.7817450767653, 416.6736892304398), (781.286317935347, 468.8908245578055), (725.3743648635444, 648.9274144061434), (873.1360786816169, 412.63462067571305), (582.4328817441827, 408.49029818699955), (725.4077361077328, 628.6916909330916), (535.3235289372564, 509.72522192623575), (894.3107576920634, 546.0039569643814), (640.8710626372334, 600.0702067725375), (595.7351810524426, 424.60779639025185), (638.4633276841606, 568.2418813475081), (878.3488201347017, 329.47344208869197)], 1241: [(756.2273166564729, 278.01699784331254), (521.5718240162004, 465.07511113531956), (667.2411500797001, 275.72315948008645), (760.6937879487563, 385.74782902806425), (620.4764153072416, 560.6477847351168), (614.2814435072578, 591.6427874088457), (576.5826261560026, 369.7269765247072), (634.5510019112478, 273.16329945990833), (617.0137632783005, 490.86781115970007), (557.2684166636727, 537.8283423142797), (579.3870580903409, 463.1139079243389), (578.8837504791793, 509.6483813242238), (595.4478327914624, 528.9278748180084), (718.4857853300849, 640.9407812106399), (642.375199938622, 395.7117385087492), (658.8158534946281, 639.3607673632772), (829.5797941381574, 560.2650180536662), (648.9006917308824, 298.3330926965847), (765.7130506280367, 437.90442925788227), (796.1839271084036, 487.41829195382707), (619.1433259491992, 437.33145644848435), (571.5559336687494, 398.5903814145279), (773.7301029340978, 449.50886954504887), (766.4750784100987, 416.6736892304398), (783.9796512686804, 468.8908245578055), (621.3955911701839, 615.2523693507563), (918.5769969236502, 462.9682802554776), (596.995185996779, 560.4978040755063), (728.1010694410662, 628.6916909330916), (677.3117850213819, 299.1773390354698), (755.2635444053597, 595.2618460978001), (572.3061109103583, 433.86192005072303), (749.0693476266508, 465.35949481372154), (603.6077297217017, 492.74928317469545), (527.6797674460406, 501.12658946566796)], 1255: [(785.343775246895, 374.4679331278943), (710.6526727713332, 488.07926716369514), (818.9901534128644, 309.8750621748169), (763.3871212820897, 385.74782902806425), (891.0819399995906, 483.52158554024345), (711.1416551228984, 350.1913476999176), (655.0598781340768, 439.03820267442416), (836.3803788730543, 398.5572610510688), (619.7070966116339, 490.86781115970007), (762.0866084390578, 331.89241231573493), (676.6184686706789, 478.88551847060205), (581.5770838125127, 509.6483813242238), (589.2573849024263, 459.77794207228135), (753.4119916550164, 586.9403171085125), (821.9087847194271, 419.2217334358901), (783.4804055603313, 403.9787737645269), (571.7280751618168, 379.43804979247454), (618.311221547466, 458.71028897145493), (714.4077132473811, 350.84800253203804), (668.272506163073, 257.84051836729293), (833.585521533148, 593.4304903599568), (574.2492670020828, 398.5903814145279), (521.3146128006271, 461.1855671932737), (857.1111492006979, 348.46292804642303), (786.6729846020138, 468.8908245578055), (732.5939834773473, 573.5978529568367), (912.2983991669305, 411.9216747091314), (549.6220094281376, 552.821886428398), (618.9748953480484, 447.338832880124), (864.1646607459775, 481.5730713720179), (916.6958206770953, 480.195266651645), (574.9994442436916, 433.86192005072303), (683.4531934652741, 566.7922970543218), (745.2853808993925, 401.62908983689795), (530.373100779374, 501.12658946566796)], 1270: [(823.0171397103579, 393.7126416356479), (722.1520664077526, 304.93289935566946), (610.208136316147, 526.5075243664091), (628.9892779032514, 445.19056504580226), (659.8082168927025, 386.59390530985684), (693.4417571749286, 599.383316046617), (795.9503958092798, 456.7808146984802), (707.224160324122, 611.4165751807259), (865.2140595360308, 441.8751867099182), (764.7799417723912, 331.89241231573493), (632.5597577603532, 550.4122397007893), (609.1580598106817, 615.2726967622528), (521.137040986838, 457.38400518211046), (611.5840793561106, 341.9863732847503), (538.4688789939604, 380.503569880596), (584.186953832952, 403.6661971415461), (816.0694191984093, 407.3907908016273), (838.4162016066398, 586.5218150225664), (753.3841448640173, 319.2544847409764), (729.6022143380334, 388.0695817375783), (616.766213466249, 525.0995739766606), (872.9181369213385, 437.5928647618664), (524.0079461339604, 461.1855671932737), (727.3208181373952, 417.13446592037815), (767.0225269424868, 466.15932001208273), (735.2873168106806, 573.5978529568367), (743.217489220743, 355.1484709363071), (552.315342761471, 552.821886428398), (581.6460504300011, 325.8813730747828), (699.9760861525423, 357.63955960719204), (546.8070612280367, 351.99384733838906), (885.090736318444, 338.88722493865083), (677.6444581982382, 268.04998704251227), (726.7734235086835, 278.24585811231873), (707.6476076710389, 484.8335504863266)]}"
cursor_positions,"{1283: (720, 805), 1296: (720, 800), 1310: (722, 782), 1325: (725, 752), 1339: (731, 714), 1352: (734, 694), 1366: (738, 671), 1380: (743, 646), 1394: (746, 632), 1408: (747, 629), 1421: (747, 627), 1435: (748, 627), 1449: (748, 627), 1463: (748, 627), 1477: (748, 627), 1491: (748, 627), 1505: (748, 627), 1519: (748, 627), 1533: (748, 627), 1547: (748, 627), 1561: (748, 627), 1574: (748, 627), 1589: (748, 627), 1601: (748, 627), 1615: (748, 627), 1630: (748, 627), 1644: (748, 627), 1657: (748, 627), 1671: (748, 627), 1685: (748, 627), 1698: (748, 627), 1712: (748, 627), 1725: (748, 627), 1738: (748, 627), 1752: (748, 627), 1766: (748, 627), 1780: (748, 627), 1794: (748, 627), 1808: (748, 627), 1823: (748, 627), 1837: (748, 627), 1851: (748, 627), 1865: (748, 627), 1880: (748, 627), 1893: (748, 627), 1907: (748, 627), 1920: (748, 627), 1934: (748, 627), 1948: (748, 627), 1962: (748, 627), 1976: (748, 627)}"
target_selected,0
is_right,1
start_time,1483
stimulus_start_time,922
stimulus_end_time,1283
movement_end_time,1990
feedback_end_time,2192
trial_end_time,3195
is_correct,0
